{
  "deny_with_entity": {
    "precision": 1.0,
    "recall": 0.8947368421052632,
    "f1-score": 0.9444444444444444,
    "support": 19,
    "confused_with": {
      "deny": 2
    }
  },
  "goodbye": {
    "precision": 0.8,
    "recall": 0.7272727272727273,
    "f1-score": 0.761904761904762,
    "support": 11,
    "confused_with": {
      "ask_with_info": 2,
      "affirm": 1
    }
  },
  "purpose_bot": {
    "precision": 0.8571428571428571,
    "recall": 0.75,
    "f1-score": 0.7999999999999999,
    "support": 8,
    "confused_with": {
      "stop_form": 1,
      "ask_with_info": 1
    }
  },
  "inform_info": {
    "precision": 0.8461538461538461,
    "recall": 0.859375,
    "f1-score": 0.8527131782945736,
    "support": 64,
    "confused_with": {
      "ask_with_info": 7,
      "count_people": 1
    }
  },
  "count_people": {
    "precision": 0.983739837398374,
    "recall": 0.9918032786885246,
    "f1-score": 0.9877551020408164,
    "support": 122,
    "confused_with": {
      "ask_with_info": 1
    }
  },
  "doubt": {
    "precision": 0.9333333333333333,
    "recall": 0.717948717948718,
    "f1-score": 0.8115942028985509,
    "support": 39,
    "confused_with": {
      "stop_form": 3,
      "inform_info": 3
    }
  },
  "stop_form": {
    "precision": 0.8571428571428571,
    "recall": 0.9473684210526315,
    "f1-score": 0.9,
    "support": 38,
    "confused_with": {
      "doubt": 2
    }
  },
  "deny": {
    "precision": 0.7272727272727273,
    "recall": 0.8421052631578947,
    "f1-score": 0.7804878048780488,
    "support": 19,
    "confused_with": {
      "affirm": 2,
      "inform_info": 1
    }
  },
  "affirm": {
    "precision": 0.5,
    "recall": 0.625,
    "f1-score": 0.5555555555555556,
    "support": 16,
    "confused_with": {
      "inform_info": 2,
      "goodbye": 1
    }
  },
  "ask_with_no_info": {
    "precision": 0.9090909090909091,
    "recall": 0.7692307692307693,
    "f1-score": 0.8333333333333333,
    "support": 13,
    "confused_with": {
      "ask_with_info": 3
    }
  },
  "affirm_with_entity": {
    "precision": 0.9411764705882353,
    "recall": 0.8,
    "f1-score": 0.8648648648648648,
    "support": 20,
    "confused_with": {
      "affirm": 4
    }
  },
  "greet": {
    "precision": 1.0,
    "recall": 0.8235294117647058,
    "f1-score": 0.9032258064516129,
    "support": 17,
    "confused_with": {
      "inform_info": 1,
      "goodbye": 1
    }
  },
  "explain": {
    "precision": 1.0,
    "recall": 0.7272727272727273,
    "f1-score": 0.8421052631578948,
    "support": 11,
    "confused_with": {
      "stop_form": 1,
      "purpose_bot": 1
    }
  },
  "ask_with_info": {
    "precision": 0.9627039627039627,
    "recall": 0.9880382775119617,
    "f1-score": 0.975206611570248,
    "support": 418,
    "confused_with": {
      "inform_info": 3,
      "stop_form": 1
    }
  },
  "accuracy": 0.9300613496932515,
  "macro avg": {
    "precision": 0.8798397714876501,
    "recall": 0.8188343882861374,
    "f1-score": 0.843799352099622,
    "support": 815
  },
  "weighted avg": {
    "precision": 0.933335984298655,
    "recall": 0.9300613496932515,
    "f1-score": 0.9297674658297582,
    "support": 815
  },
  "micro avg": {
    "precision": 0.9300613496932515,
    "recall": 0.9300613496932515,
    "f1-score": 0.9300613496932515,
    "support": 815
  }
}